resp_ID,t_start,t_end,Status,p_ID,unique_qu_ID,erase,condition,exposure,room,view_access,exp_duration_original,exp_duration,light_level_sensation,visual_comfort,glare_Osterhaus,glare_binary,glare_branch_accept,glare_likert4,glare_reflection_screen_likert4,glare_agreement5,colors_outside_agreement5,view_satisfaction_interval10__5only,work_all_day_changes__30only,work_all_day_changes_WHAT,work_all_day_changes_WHY
10,18.05.21 13:50,18.05.21 14:00,Complete,301,301_NG_1_Clear_q1,keep,NG,Exposure 1,BP 2243 (end of the corridor),yes,About 5 minutes,05min,Just right,Comfortable,Noticeable,No,NA,Not at all,Not at all,Agree,Agree,7,NA,NA,NA
13,18.05.21 14:34,18.05.21 14:37,Complete,301,301_NG_1_Clear_q2,keep,NG,Exposure 1,BP 2243 (end of the corridor),yes,About 30 minutes,30min,Just right,Comfortable,Imperceptible,No,NA,Not at all,Not at all,Agree,Agree,NA,"No, I am comfortable and do not require changes",NA,NA
15,18.05.21 14:31,18.05.21 14:54,Complete,301,301_NG_2_Blurr_q1,keep,NG,Exposure 2,BP 2229 (center of the building),no,About 5 minutes,05min,Slightly low,Comfortable,Imperceptible,No,NA,Not at all,Not at all,Neither agree nor disagree,Neither agree nor disagree,3,NA,NA,NA
18,18.05.21 15:20,18.05.21 15:25,Complete,301,301_NG_2_Blurr_q2,keep,NG,Exposure 2,BP 2229 (center of the building),no,About 30 minutes,30min,Just right,Comfortable,Imperceptible,No,NA,Not at all,Not at all,Agree,Agree,NA,"No, I am comfortable and do not require changes",NA,NA
9,18.05.21 13:43,18.05.21 13:57,Complete,302,302_NG_1_Blurr_q1,keep,NG,Exposure 1,BP 2229 (center of the building),no,About 5 minutes,05min,Slightly high,Uncomfortable,Noticeable,Yes,Acceptable,Slightly,Moderately,Disagree,Agree,5,NA,NA,NA
11,18.05.21 14:19,18.05.21 14:27,Complete,302,302_NG_1_Blurr_q2,keep,NG,Exposure 1,BP 2229 (center of the building),no,About 30 minutes,30min,Just right,Uncomfortable,Noticeable,Yes,Acceptable,Slightly,Moderately,Neither agree nor disagree,Neither agree nor disagree,NA,"Yes, I would like the following changes:","I won't put the desk in front of the windows, there is too much light",There is too much light
14,18.05.21 14:40,18.05.21 14:52,Complete,302,302_NG_2_Clear_q1,keep,NG,Exposure 2,BP 2243 (end of the corridor),yes,About 5 minutes,05min,Just right,Comfortable,Imperceptible,No,NA,Not at all,Slightly,Neither agree nor disagree,Neither agree nor disagree,8,NA,NA,NA
16,18.05.21 15:10,18.05.21 15:15,Complete,302,302_NG_2_Clear_q2,keep,NG,Exposure 2,BP 2243 (end of the corridor),yes,About 30 minutes,30min,Just right,Comfortable,Imperceptible,No,NA,Not at all,Slightly,Neither agree nor disagree,Neither agree nor disagree,NA,"No, even though I am somewhat uncomfortable",NA,NA
19,18.05.21 17:17,18.05.21 17:21,Complete,303,303_NG_1_Clear_q1,keep,NG,Exposure 1,BP 2243 (end of the corridor),yes,About 5 minutes,05min,Just right,Comfortable,Imperceptible,No,NA,Not at all,Not at all,Agree,Agree,7,NA,NA,NA
20,18.05.21 17:42,18.05.21 17:49,Complete,303,303_NG_1_Clear_q2,keep,NG,Exposure 1,BP 2243 (end of the corridor),yes,About 30 minutes,30min,Just right,Comfortable,Imperceptible,No,NA,Not at all,Not at all,Agree,Agree,NA,I have no preference,NA,NA
21,18.05.21 17:35,18.05.21 18:04,Complete,303,303_NG_2_Blurr_q1,keep,NG,Exposure 2,BP 2229 (center of the building),no,About 5 minutes,05min,Just right,Comfortable,Imperceptible,No,NA,Not at all,Not at all,Agree,Agree,2,NA,NA,NA
23,18.05.21 18:23,18.05.21 18:30,Complete,303,303_NG_2_Blurr_q2,keep,NG,Exposure 2,BP 2229 (center of the building),no,About 30 minutes,30min,Just right,Comfortable,Imperceptible,No,NA,Not at all,Not at all,Agree,Neither agree nor disagree,NA,"No, I am comfortable and do not require changes",NA,NA
22,18.05.21 17:47,18.05.21 18:09,Complete,304,304_NG_1_Clear_q1,keep,NG,Exposure 1,BP 2243 (end of the corridor),yes,About 5 minutes,05min,Just right,Comfortable,Imperceptible,No,NA,Not at all,Not at all,Agree,Strongly agree,8,NA,NA,NA
24,18.05.21 18:11,18.05.21 18:39,Complete,304,304_NG_1_Clear_q2,keep,NG,Exposure 1,BP 2243 (end of the corridor),yes,About 30 minutes,30min,Just right,Comfortable,Imperceptible,No,NA,Not at all,Not at all,Agree,Agree,NA,"No, I am comfortable and do not require changes",NA,NA
25,18.05.21 18:54,18.05.21 18:57,Complete,304,304_NG_2_Blurr_q1,keep,NG,Exposure 2,BP 2229 (center of the building),no,About 5 minutes,05min,Just right,Comfortable,Imperceptible,No,NA,Not at all,Not at all,Agree,Agree,4,NA,NA,NA
26,18.05.21 19:16,18.05.21 19:24,Complete,304,304_NG_2_Blurr_q2,keep,NG,Exposure 2,BP 2229 (center of the building),no,About 30 minutes,30min,Slightly low,Comfortable,Imperceptible,No,NA,Not at all,Not at all,Agree,Agree,NA,"Yes, I would like the following changes:",remove the opaque at the bottom of each window to have a better view on the exterior,I cant see the outside world
27,20.05.21 16:14,20.05.21 16:18,Complete,305,305_G3_1_Blurr_q1,keep,G3,Exposure 1,BP 2229 (center of the building),no,About 5 minutes,05min,Slightly high,Comfortable,Noticeable,Yes,Just acceptable,Slightly,Not at all,Agree,Agree,5,NA,NA,NA
29,20.05.21 16:38,20.05.21 16:46,Complete,305,305_G3_1_Blurr_q2,keep,G3,Exposure 1,BP 2229 (center of the building),no,About 30 minutes,30min,Slightly low,Comfortable,Noticeable,No,NA,Slightly,Not at all,Neither agree nor disagree,Disagree,NA,"Yes, I would like the following changes:",Make me able to see through the window from the bottom and not just the top,Because I cannot really see outside except for the sky
31,20.05.21 16:59,20.05.21 17:09,Complete,305,305_G3_2_Clear_q1,keep,G3,Exposure 2,BP 2243 (end of the corridor),yes,About 5 minutes,05min,Just right,Comfortable,Noticeable,Yes,Just acceptable,Slightly,Not at all,Neither agree nor disagree,Agree,6,NA,NA,NA
33,20.05.21 17:11,20.05.21 17:34,Complete,305,305_G3_2_Clear_q2,keep,G3,Exposure 2,BP 2243 (end of the corridor),yes,About 30 minutes,30min,Slightly low,Comfortable,Imperceptible,No,NA,Slightly,Not at all,Agree,Agree,NA,"Yes, I would like the following changes:",Open the window,To get some fresh air
28,20.05.21 14:10,20.05.21 16:20,Complete,306,306_G3_1_Clear_q1,keep,G3,Exposure 1,BP 2243 (end of the corridor),yes,About 5 minutes,05min,Just right,Comfortable,Imperceptible,No,NA,Not at all,Not at all,Agree,Agree,7,NA,NA,NA
30,20.05.21 16:46,20.05.21 16:55,Complete,306,306_G3_1_Clear_q2,keep,G3,Exposure 1,BP 2243 (end of the corridor),yes,About 30 minutes,30min,Slightly high,Comfortable,Imperceptible,No,NA,Not at all,Slightly,Agree,Agree,NA,"No, I am comfortable and do not require changes",NA,NA
32,20.05.21 17:09,20.05.21 17:12,Complete,306,306_G3_2_Blurr_q1,keep,G3,Exposure 2,BP 2229 (center of the building),no,About 5 minutes,05min,Just right,Comfortable,Noticeable,Yes,Just unacceptable,Slightly,Slightly,Agree,Strongly disagree,0,NA,NA,NA
34,20.05.21 17:32,20.05.21 17:39,Complete,306,306_G3_2_Blurr_q2,keep,G3,Exposure 2,BP 2229 (center of the building),no,About 30 minutes,30min,Slightly low,Uncomfortable,Noticeable,Yes,Just unacceptable,Slightly,Slightly,Neither agree nor disagree,Strongly disagree,NA,"Yes, I would like the following changes:",changing the view,because I feel more comfrtable when I can see outside
36,25.05.21 14:14,25.05.21 14:24,Complete,307,307_NG_1_Clear_q1,keep,NG,Exposure 1,BP 2243 (end of the corridor),yes,About 5 minutes,05min,High,Comfortable,Noticeable,No,NA,Not at all,Not at all,Agree,Strongly agree,8,NA,NA,NA
38,25.05.21 14:45,25.05.21 14:54,Complete,307,307_NG_1_Clear_q2,keep,NG,Exposure 1,BP 2243 (end of the corridor),yes,About 30 minutes,30min,Slightly low,Comfortable,Noticeable,No,NA,Not at all,Not at all,Agree,Neither agree nor disagree,NA,"Yes, I would like the following changes:",I would wash windows,turn the desk in another way
40,25.05.21 15:09,25.05.21 15:12,Complete,307,307_NG_2_Blurr_q1,keep,NG,Exposure 2,BP 2229 (center of the building),no,About 5 minutes,05min,High,Very comfortable,Imperceptible,No,NA,Not at all,Not at all,Strongly agree,Agree,2,NA,NA,NA
42,25.05.21 15:30,25.05.21 15:37,Complete,307,307_NG_2_Blurr_q2,keep,NG,Exposure 2,BP 2229 (center of the building),no,About 30 minutes,30min,High,Comfortable,Imperceptible,No,NA,Not at all,Not at all,Strongly agree,Agree,NA,"No, I am comfortable and do not require changes",NA,NA
35,25.05.21 14:04,25.05.21 14:20,Complete,308,308_NG_1_Blurr_q1,keep,NG,Exposure 1,BP 2229 (center of the building),no,About 5 minutes,05min,Just right,Very comfortable,Imperceptible,No,NA,Not at all,Not at all,Agree,Agree,4,NA,NA,NA
37,25.05.21 14:42,25.05.21 14:51,Complete,308,308_NG_1_Blurr_q2,keep,NG,Exposure 1,BP 2229 (center of the building),no,About 30 minutes,30min,Slightly high,Uncomfortable,Disturbing,Yes,Just acceptable,Slightly,Not at all,Disagree,Neither agree nor disagree,NA,"Yes, I would like the following changes:",The desk should not be facing the windows.,It would be easier on the eyes to be facing a wall to avoid unecessary strain on the eyes.
39,25.05.21 15:06,25.05.21 15:10,Complete,308,308_NG_2_Clear_q1,keep,NG,Exposure 2,BP 2243 (end of the corridor),yes,About 5 minutes,05min,Slightly high,Comfortable,Noticeable,No,NA,Slightly,Not at all,Disagree,Neither agree nor disagree,8,NA,NA,NA
41,25.05.21 15:28,25.05.21 15:36,Complete,308,308_NG_2_Clear_q2,keep,NG,Exposure 2,BP 2243 (end of the corridor),yes,About 30 minutes,30min,Just right,Comfortable,Noticeable,No,NA,Not at all,Not at all,Neither agree nor disagree,Neither agree nor disagree,NA,"No, I am comfortable and do not require changes",NA,NA
44,25.05.21 16:35,25.05.21 16:37,Complete,309,309_G3_1_Clear_q1,keep,G3,Exposure 1,BP 2243 (end of the corridor),yes,About 5 minutes,05min,Slightly low,Very comfortable,Imperceptible,No,NA,Not at all,Not at all,Agree,Strongly agree,6,NA,NA,NA
46,25.05.21 17:03,25.05.21 17:09,Complete,309,309_G3_1_Clear_q2,keep,G3,Exposure 1,BP 2243 (end of the corridor),yes,About 30 minutes,30min,Slightly low,Very comfortable,Imperceptible,No,NA,Slightly,Not at all,Agree,Strongly agree,NA,"No, I am comfortable and do not require changes",NA,NA
48,25.05.21 17:24,25.05.21 17:26,Complete,309,309_G3_2_Blurr_q1,keep,G3,Exposure 2,BP 2229 (center of the building),no,About 5 minutes,05min,Slightly low,Comfortable,Noticeable,No,NA,Moderately,Not at all,Neither agree nor disagree,Strongly agree,6,NA,NA,NA
50,25.05.21 17:44,25.05.21 17:50,Complete,309,309_G3_2_Blurr_q2,keep,G3,Exposure 2,BP 2229 (center of the building),no,About 30 minutes,30min,Slightly low,Comfortable,Noticeable,Yes,Acceptable,Moderately,Not at all,Disagree,Strongly agree,NA,"No, even though I am somewhat uncomfortable",NA,NA
43,25.05.21 16:32,25.05.21 16:35,Complete,310,310_G3_1_Blurr_q1,keep,G3,Exposure 1,BP 2229 (center of the building),no,About 5 minutes,05min,Slightly low,Comfortable,Noticeable,No,NA,Slightly,Not at all,Agree,Agree,8,NA,NA,NA
45,25.05.21 16:58,25.05.21 17:06,Complete,310,310_G3_1_Blurr_q2,keep,G3,Exposure 1,BP 2229 (center of the building),no,About 30 minutes,30min,Slightly low,Uncomfortable,Disturbing,Yes,Just unacceptable,Very much,Not at all,Disagree,Agree,NA,"Yes, I would like the following changes:",less light,not facing the sun
47,25.05.21 17:23,25.05.21 17:25,Complete,310,310_G3_2_Clear_q1,keep,G3,Exposure 2,BP 2243 (end of the corridor),yes,About 5 minutes,05min,Slightly high,Comfortable,Noticeable,No,NA,Moderately,Moderately,Agree,Agree,7,NA,NA,NA
49,25.05.21 17:41,25.05.21 17:47,Complete,310,310_G3_2_Clear_q2,keep,G3,Exposure 2,BP 2243 (end of the corridor),yes,About 30 minutes,30min,Slightly high,Comfortable,Noticeable,No,NA,Slightly,Not at all,Agree,Agree,NA,"No, I am comfortable and do not require changes",NA,NA
52,01.06.21 16:33,01.06.21 16:54,Complete,311,311_G3_1_Blurr_q1,keep,G3,Exposure 1,BP 2229 (center of the building),no,About 5 minutes,05min,Slightly low,Comfortable,Noticeable,No,NA,Not at all,Not at all,Agree,Agree,8,NA,NA,NA
54,01.06.21 17:14,01.06.21 17:24,Complete,311,311_G3_1_Blurr_q2,keep,G3,Exposure 1,BP 2229 (center of the building),no,About 30 minutes,30min,Slightly low,Uncomfortable,Disturbing,Yes,Just acceptable,Moderately,Not at all,Disagree,Agree,NA,"Yes, I would like the following changes:","remove the ""opaque"" at the bottom of each window to have a better view on the exterior",Curtains on the windows so the sunshine isnt so strong on the face
56,01.06.21 17:21,01.06.21 17:41,Complete,311,311_G3_2_Clear_q1,keep,G3,Exposure 2,BP 2243 (end of the corridor),yes,About 5 minutes,05min,Slightly high,Comfortable,Noticeable,Yes,Just acceptable,Slightly,Not at all,Disagree,Neither agree nor disagree,5,NA,NA,NA
58,01.06.21 17:59,01.06.21 18:06,Complete,311,311_G3_2_Clear_q2,keep,G3,Exposure 2,BP 2243 (end of the corridor),yes,About 30 minutes,30min,Slightly high,Very uncomfortable,Intolerable,Yes,Unacceptable,Very much,Slightly,Strongly disagree,Neither agree nor disagree,NA,"Yes, I would like the following changes:",curtains,The light is uncofortable after some time
51,01.06.21 16:47,01.06.21 16:51,Complete,312,312_G3_1_Clear_q1,keep,G3,Exposure 1,BP 2243 (end of the corridor),yes,About 5 minutes,05min,Just right,Comfortable,Noticeable,No,NA,Slightly,Not at all,Agree,Agree,6,NA,NA,NA
53,01.06.21 17:11,01.06.21 17:21,Complete,312,312_G3_1_Clear_q2,keep,G3,Exposure 1,BP 2243 (end of the corridor),yes,About 30 minutes,30min,Just right,Comfortable,Noticeable,No,NA,Slightly,Not at all,Agree,Agree,NA,"Yes, I would like the following changes:",higher chair and desk and both in different position to be able to see the windows by turning the chair and not by peeking over the computer,To feel more connected to the outside. Furthermore i feel like I'm slightly under the window with the current height of the desk. I'm not a fan of it!
55,01.06.21 17:29,01.06.21 17:38,Complete,312,312_G3_2_Blurr_q1,keep,G3,Exposure 2,BP 2229 (center of the building),no,About 5 minutes,05min,Just right,Comfortable,Imperceptible,No,NA,Not at all,Not at all,Agree,Neither agree nor disagree,0,NA,NA,NA
57,01.06.21 17:56,01.06.21 18:03,Complete,312,312_G3_2_Blurr_q2,keep,G3,Exposure 2,BP 2229 (center of the building),no,About 30 minutes,30min,Slightly low,Comfortable,Noticeable,No,NA,Not at all,Not at all,Agree,Agree,NA,I have no preference,NA,NA
60,02.06.21 17:18,02.06.21 17:22,Complete,313,313_NG_1_Clear_q1,keep,NG,Exposure 1,BP 2243 (end of the corridor),yes,About 5 minutes,05min,Just right,Very comfortable,Imperceptible,No,NA,Not at all,Not at all,Strongly agree,Agree,7,NA,NA,NA
62,02.06.21 17:47,02.06.21 17:55,Complete,313,313_NG_1_Clear_q2,keep,NG,Exposure 1,BP 2243 (end of the corridor),yes,About 30 minutes,30min,Just right,Very comfortable,Imperceptible,No,NA,Not at all,Not at all,Strongly agree,Agree,NA,"No, I am comfortable and do not require changes",NA,NA
64,02.06.21 18:06,02.06.21 18:10,Complete,313,313_NG_2_Blurr_q1,keep,NG,Exposure 2,BP 2229 (center of the building),no,About 5 minutes,05min,Just right,Uncomfortable,Imperceptible,No,NA,Not at all,Not at all,Strongly agree,Neither agree nor disagree,3,NA,NA,NA
66,02.06.21 18:30,02.06.21 18:37,Complete,313,313_NG_2_Blurr_q2,keep,NG,Exposure 2,BP 2229 (center of the building),no,About 30 minutes,30min,Just right,Comfortable,Imperceptible,No,NA,Not at all,Not at all,Strongly agree,Agree,NA,"Yes, I would like the following changes:","remove the ""opaque"" at the bottom of each window to have a better view on the exterior",It's boring when we stay a long time
59,02.06.21 17:16,02.06.21 17:21,Complete,314,314_NG_1_Blurr_q1,keep,NG,Exposure 1,BP 2229 (center of the building),no,About 5 minutes,05min,Slightly low,Comfortable,Imperceptible,No,NA,Not at all,Not at all,Neither agree nor disagree,Disagree,1,NA,NA,NA
61,02.06.21 17:44,02.06.21 17:53,Complete,314,314_NG_1_Blurr_q2,keep,NG,Exposure 1,BP 2229 (center of the building),no,About 30 minutes,30min,Slightly low,Comfortable,Imperceptible,No,NA,Not at all,Not at all,Agree,Disagree,NA,"Yes, I would like the following changes:","more sunlight, view on nature","I feel a whole day working in this space would be kind of depressing, due to the lack of sunlight and due to the fact that we can barely see the outside"
63,02.06.21 17:55,02.06.21 18:08,Complete,314,314_NG_2_Clear_q1,keep,NG,Exposure 2,BP 2243 (end of the corridor),yes,About 5 minutes,05min,Slightly low,Comfortable,Imperceptible,No,NA,Not at all,Not at all,Agree,Agree,6,NA,NA,NA
65,02.06.21 18:25,02.06.21 18:33,Complete,314,314_NG_2_Clear_q2,keep,NG,Exposure 2,BP 2243 (end of the corridor),yes,About 30 minutes,30min,Slightly low,Comfortable,Imperceptible,No,NA,Not at all,Not at all,Agree,Agree,NA,"Yes, I would like the following changes:",switch on the light,"because the sky is grey, so there is not enough sunlight coming to the desk"
68,03.06.21 16:45,03.06.21 16:51,Complete,315,315_G1_1_Clear_q1,keep,G1,Exposure 1,BP 2243 (end of the corridor),yes,About 5 minutes,05min,Slightly high,Uncomfortable,Disturbing,Yes,Just unacceptable,Moderately,Not at all,Disagree,Agree,7,NA,NA,NA
73,03.06.21 17:14,03.06.21 17:24,Complete,315,315_G1_1_Clear_q2,keep,G1,Exposure 1,BP 2243 (end of the corridor),yes,About 30 minutes,30min,High,Very uncomfortable,Intolerable,Yes,Unacceptable,Very much,Not at all,Strongly disagree,Neither agree nor disagree,NA,"Yes, I would like the following changes:","put shutters on the windows,",the sun is shining into my exes at this moment and is making it very  hard to focus
69,03.06.21 17:31,03.06.21 17:40,Complete,315,315_G1_2_Blurr_q1,keep,G1,Exposure 2,BP 2229 (center of the building),no,About 5 minutes,05min,Just right,Comfortable,Noticeable,Yes,Acceptable,Slightly,Not at all,Neither agree nor disagree,Strongly disagree,5,NA,NA,NA
70,03.06.21 17:57,03.06.21 18:05,Complete,315,315_G1_2_Blurr_q2,keep,G1,Exposure 2,BP 2229 (center of the building),no,About 30 minutes,30min,Slightly low,Very comfortable,Imperceptible,No,NA,Not at all,Not at all,Strongly agree,Strongly disagree,NA,I have no preference,NA,NA
67,03.06.21 16:40,03.06.21 16:47,Complete,316,316_G1_1_Blurr_q1,keep,G1,Exposure 1,BP 2229 (center of the building),no,About 30 minutes,05min,Slightly high,Uncomfortable,Disturbing,Yes,Just unacceptable,Moderately,Slightly,Disagree,Neither agree nor disagree,NA,"Yes, I would like the following changes:",give some curtains on the window,because it's too shiny
72,03.06.21 17:17,03.06.21 17:26,Complete,316,316_G1_1_Blurr_q2,keep,G1,Exposure 1,BP 2229 (center of the building),no,About 30 minutes,30min,Just right,Uncomfortable,Intolerable,Yes,Unacceptable,Very much,Slightly,Strongly disagree,Neither agree nor disagree,NA,"Yes, I would like the following changes:",close the shutters,Because of the glare
74,03.06.21 17:28,03.06.21 17:43,Complete,316,316_G1_2_Clear_q1,keep,G1,Exposure 2,BP 2243 (end of the corridor),yes,About 5 minutes,05min,High,Uncomfortable,Intolerable,Yes,Unacceptable,Very much,Moderately,Strongly disagree,Neither agree nor disagree,4,NA,NA,NA
71,03.06.21 18:00,03.06.21 18:07,Complete,316,316_G1_2_Clear_q2,keep,G1,Exposure 2,BP 2243 (end of the corridor),yes,About 30 minutes,30min,Just right,Comfortable,Disturbing,No,NA,Slightly,Slightly,Agree,Neither agree nor disagree,NA,"No, even though I am somewhat uncomfortable",NA,NA
75,04.06.21 16:47,04.06.21 16:51,Complete,317,317_G1_1_Clear_q1,keep,G1,Exposure 1,BP 2243 (end of the corridor),yes,About 5 minutes,05min,Slightly high,Comfortable,Noticeable,Yes,Acceptable,Moderately,Not at all,Disagree,Strongly agree,6,NA,NA,NA
78,04.06.21 17:12,04.06.21 17:22,Complete,317,317_G1_1_Clear_q2,keep,G1,Exposure 1,BP 2243 (end of the corridor),yes,About 30 minutes,30min,Slightly high,Uncomfortable,Disturbing,Yes,Just unacceptable,Moderately,Not at all,Disagree,Agree,NA,"Yes, I would like the following changes:",Less glare from the sun,"Despite the filter on the window, the glare from the sun tends to induce fatigue on my eyes  If that is the case after 30mn of exposure then I can safely say that a whole day in this environment would not be acceptable"
79,04.06.21 17:39,04.06.21 17:42,Complete,317,317_G1_2_Blurr_q1,keep,G1,Exposure 2,BP 2229 (center of the building),no,About 5 minutes,05min,Just right,Uncomfortable,Disturbing,Yes,Just unacceptable,Moderately,Not at all,Disagree,Strongly disagree,0,NA,NA,NA
81,04.06.21 17:57,04.06.21 18:05,Complete,317,317_G1_2_Blurr_q2,keep,G1,Exposure 2,BP 2229 (center of the building),no,About 30 minutes,30min,Slightly low,Uncomfortable,Noticeable,No,NA,Not at all,Not at all,Disagree,Strongly disagree,NA,"Yes, I would like the following changes:",Outside world visible (removing the white panes at the bottom of the window),Working an office job with no clear view to the outside world (where life actually begins once your shift is done) is quite disturbing and somewhat oppressive.
76,04.06.21 16:26,04.06.21 16:49,Complete,318,318_G1_1_Blurr_q1,keep,G1,Exposure 1,BP 2229 (center of the building),no,About 5 minutes,05min,Slightly high,Comfortable,Noticeable,Yes,Just acceptable,Moderately,Slightly,Disagree,Disagree,1,NA,NA,NA
77,04.06.21 17:09,04.06.21 17:18,Complete,318,318_G1_1_Blurr_q2,keep,G1,Exposure 1,BP 2229 (center of the building),no,About 30 minutes,30min,High,Very uncomfortable,Disturbing,Yes,Unacceptable,Very much,Moderately,Disagree,Disagree,NA,"Yes, I would like the following changes:","close the blinds (glare), need some air",very uncomfortable. My eyes are tired
80,04.06.21 17:28,04.06.21 17:40,Complete,318,318_G1_2_Clear_q1,keep,G1,Exposure 2,BP 2243 (end of the corridor),yes,About 5 minutes,05min,Slightly high,Comfortable,Noticeable,Yes,Acceptable,Slightly,Not at all,Agree,Agree,10,NA,NA,NA
82,04.06.21 17:55,04.06.21 18:02,Complete,318,318_G1_2_Clear_q2,keep,G1,Exposure 2,BP 2243 (end of the corridor),yes,About 30 minutes,30min,Slightly high,Uncomfortable,Intolerable,Yes,Just unacceptable,Moderately,Very much,Disagree,Agree,NA,"Yes, I would like the following changes:",close blinds,close blinds  open a window
84,09.06.21 12:38,09.06.21 14:33,Complete,319,319_NG_1_Clear_q1,keep,NG,Exposure 1,BP 2243 (end of the corridor),yes,About 5 minutes,05min,High,Uncomfortable,Noticeable,Yes,Just acceptable,Moderately,Not at all,Disagree,Neither agree nor disagree,5,NA,NA,NA
86,09.06.21 14:56,09.06.21 15:09,Complete,319,319_NG_1_Clear_q2,keep,NG,Exposure 1,BP 2243 (end of the corridor),yes,About 30 minutes,30min,High,Uncomfortable,Noticeable,Yes,Just acceptable,Slightly,Not at all,Disagree,Disagree,NA,"Yes, I would like the following changes:","I would move the desk and screen so that I don't have the sunlight coming straignt into my face, but rather from the side",Because facing th sunlight frontally is visually uncomfortable and tiring
88,09.06.21 14:59,09.06.21 15:27,Complete,319,319_NG_2_Blurr_q1,keep,NG,Exposure 2,BP 2229 (center of the building),no,About 5 minutes,05min,Slightly high,Uncomfortable,Noticeable,Yes,Just acceptable,Slightly,Not at all,Disagree,Neither agree nor disagree,1,NA,NA,NA
90,09.06.21 15:45,09.06.21 15:58,Complete,319,319_NG_2_Blurr_q2,keep,NG,Exposure 2,BP 2229 (center of the building),no,About 30 minutes,30min,Slightly high,Uncomfortable,Noticeable,Yes,Just acceptable,Slightly,Not at all,Disagree,Neither agree nor disagree,NA,"Yes, I would like the following changes:","same as the other room: would move desk and screen to avoid facing the sun frontally. plus, would try to make the windows transparent (not translucent/blurry) and try to get rid of the background noise","I would be able to work better and more fomfortably with these changes  PS: the translucent windows prevent from looking at something far away, whereas this is recommended to do frequently to avoid eye dammage and fatigue when working on screens fro long preiods of time"
83,09.06.21 12:46,09.06.21 14:24,Complete,320,320_NG_1_Blurr_q1,keep,NG,Exposure 1,BP 2229 (center of the building),no,About 5 minutes,05min,Just right,Very comfortable,Imperceptible,No,NA,Not at all,Not at all,Agree,Strongly agree,9,NA,NA,NA
85,09.06.21 14:47,09.06.21 14:55,Complete,320,320_NG_1_Blurr_q2,keep,NG,Exposure 1,BP 2229 (center of the building),no,About 30 minutes,30min,Just right,Very comfortable,Imperceptible,No,NA,Not at all,Not at all,Agree,Strongly agree,NA,"No, I am comfortable and do not require changes",NA,NA
87,09.06.21 15:10,09.06.21 15:20,Complete,320,320_NG_2_Clear_q1,keep,NG,Exposure 2,BP 2243 (end of the corridor),yes,About 5 minutes,05min,Just right,Comfortable,Noticeable,No,NA,Slightly,Not at all,Agree,Strongly agree,9,NA,NA,NA
89,09.06.21 15:35,09.06.21 15:42,Complete,320,320_NG_2_Clear_q2,keep,NG,Exposure 2,BP 2243 (end of the corridor),yes,About 30 minutes,30min,Just right,Comfortable,Noticeable,No,NA,Slightly,Not at all,Agree,Strongly agree,NA,"No, I am comfortable and do not require changes",NA,NA
92,10.06.21 15:18,10.06.21 17:10,Complete,321,321_G1_1_Clear_q1,keep,G1,Exposure 1,BP 2243 (end of the corridor),yes,About 5 minutes,05min,Just right,Comfortable,Noticeable,No,NA,Slightly,Slightly,Agree,Agree,8,NA,NA,NA
93,10.06.21 17:33,10.06.21 17:38,Complete,321,321_G1_1_Clear_q2,keep,G1,Exposure 1,BP 2243 (end of the corridor),yes,About 30 minutes,30min,Just right,Comfortable,Imperceptible,No,NA,Not at all,Not at all,Agree,Agree,NA,"No, I am comfortable and do not require changes",NA,NA
95,10.06.21 17:49,10.06.21 17:51,Complete,321,321_G1_2_Blurr_q1,keep,G1,Exposure 2,BP 2229 (center of the building),no,About 5 minutes,05min,Just right,Comfortable,Imperceptible,No,NA,Not at all,Not at all,Agree,Agree,9,NA,NA,NA
97,10.06.21 18:08,10.06.21 18:11,Complete,321,321_G1_2_Blurr_q2,keep,G1,Exposure 2,BP 2229 (center of the building),no,About 30 minutes,30min,Just right,Comfortable,Imperceptible,No,NA,Not at all,Not at all,Agree,Agree,NA,"No, I am comfortable and do not require changes",NA,NA
91,10.06.21 17:05,10.06.21 17:09,Complete,322,322_G1_1_Blurr_q1,keep,G1,Exposure 1,BP 2229 (center of the building),no,About 5 minutes,05min,Just right,Comfortable,Noticeable,No,NA,Not at all,Not at all,Agree,Disagree,6,NA,NA,NA
94,10.06.21 17:31,10.06.21 17:39,Complete,322,322_G1_1_Blurr_q2,keep,G1,Exposure 1,BP 2229 (center of the building),no,About 30 minutes,30min,Just right,Comfortable,Noticeable,No,NA,Not at all,Not at all,Agree,Disagree,NA,"No, even though I am somewhat uncomfortable",NA,NA
96,10.06.21 17:50,10.06.21 17:53,Complete,322,322_G1_2_Clear_q1,keep,G1,Exposure 2,BP 2243 (end of the corridor),yes,About 5 minutes,05min,Just right,Comfortable,Noticeable,No,NA,Not at all,Not at all,Agree,Agree,6,NA,NA,NA
98,10.06.21 18:11,10.06.21 18:18,Complete,322,322_G1_2_Clear_q2,keep,G1,Exposure 2,BP 2243 (end of the corridor),yes,About 30 minutes,30min,Slightly high,Comfortable,Noticeable,No,NA,Slightly,Not at all,Agree,Agree,NA,"No, I am comfortable and do not require changes",NA,NA
101,11.06.21 16:56,11.06.21 17:02,Complete,323,323_G1_1_Clear_q1,keep,G1,Exposure 1,BP 2243 (end of the corridor),yes,About 5 minutes,05min,Just right,Comfortable,Imperceptible,No,NA,Not at all,Not at all,Neither agree nor disagree,Disagree,7,NA,NA,NA
103,11.06.21 17:23,11.06.21 17:34,Complete,323,323_G1_1_Clear_q2,keep,G1,Exposure 1,BP 2243 (end of the corridor),yes,About 30 minutes,30min,Just right,Comfortable,Imperceptible,No,NA,Not at all,Not at all,Agree,Disagree,NA,"Yes, I would like the following changes:",remove th black mirror,"remove the black mirror and adjust the curtain, because i prefer to see things the way they actually are without beuing disturbed by the sun when i work."
105,11.06.21 17:44,11.06.21 17:49,Complete,323,323_G1_2_Blurr_q1,keep,G1,Exposure 2,BP 2229 (center of the building),no,About 5 minutes,05min,Just right,Comfortable,Imperceptible,No,NA,Not at all,Not at all,Neither agree nor disagree,Disagree,0,NA,NA,NA
107,11.06.21 18:06,11.06.21 18:15,Complete,323,323_G1_2_Blurr_q2,keep,G1,Exposure 2,BP 2229 (center of the building),no,About 30 minutes,30min,Just right,Comfortable,Imperceptible,No,NA,Not at all,Not at all,Neither agree nor disagree,Disagree,NA,"Yes, I would like the following changes:",remove the window covers,i feel better when seeing what happens outside. i dont really like to stay in closed areas especially when i cant see the outside
99,11.06.21 16:50,11.06.21 16:56,Complete,324,324_G1_1_Blurr_q1,keep,G1,Exposure 1,BP 2229 (center of the building),no,About 5 minutes,05min,Just right,Comfortable,Noticeable,No,NA,Not at all,Not at all,Agree,Agree,8,NA,NA,NA
102,11.06.21 17:17,11.06.21 17:26,Complete,324,324_G1_1_Blurr_q2,keep,G1,Exposure 1,BP 2229 (center of the building),no,About 30 minutes,30min,Slightly high,Comfortable,Noticeable,No,NA,Slightly,Not at all,Agree,Agree,NA,"Yes, I would like the following changes:",remove the white covers,to have a bette view of the outside
104,11.06.21 17:41,11.06.21 17:45,Complete,324,324_G1_2_Clear_q1,keep,G1,Exposure 2,BP 2243 (end of the corridor),yes,About 5 minutes,05min,Just right,Very comfortable,Imperceptible,No,NA,Not at all,Not at all,Agree,Agree,10,NA,NA,NA
106,11.06.21 18:01,11.06.21 18:08,Complete,324,324_G1_2_Clear_q2,keep,G1,Exposure 2,BP 2243 (end of the corridor),yes,About 30 minutes,30min,Slightly low,Very comfortable,Noticeable,No,NA,Not at all,Not at all,Agree,Agree,NA,"No, I am comfortable and do not require changes",NA,NA
108,14.06.21 16:41,14.06.21 16:45,Complete,325,325_G3_1_Blurr_q1,keep,G3,Exposure 1,BP 2229 (center of the building),no,About 5 minutes,05min,Just right,Comfortable,Noticeable,No,NA,Not at all,Not at all,Disagree,Neither agree nor disagree,0,NA,NA,NA
110,14.06.21 17:09,14.06.21 17:16,Complete,325,325_G3_1_Blurr_q2,keep,G3,Exposure 1,BP 2229 (center of the building),no,About 30 minutes,30min,Slightly high,Uncomfortable,Disturbing,Yes,Just acceptable,Slightly,Not at all,Disagree,Neither agree nor disagree,NA,"Yes, I would like the following changes:",turn the desk a quarter to the left or right to avoid having the sun in the eyes as I do not want to wear sunglasses at work,The windows are too tall and no transparent
112,14.06.21 17:16,14.06.21 17:32,Complete,325,325_G3_2_Clear_q1,keep,G3,Exposure 2,BP 2243 (end of the corridor),yes,About 5 minutes,05min,Just right,Comfortable,Noticeable,Yes,Just acceptable,Slightly,Not at all,Neither agree nor disagree,Agree,5,NA,NA,NA
114,14.06.21 17:49,14.06.21 17:56,Complete,325,325_G3_2_Clear_q2,keep,G3,Exposure 2,BP 2243 (end of the corridor),yes,About 30 minutes,30min,Just right,Comfortable,Noticeable,Yes,Just acceptable,Slightly,Not at all,Neither agree nor disagree,Agree,NA,"Yes, I would like the following changes:",take darker windows or use a sun-hidder,it's tiring to have the very bright sun in the field of view
109,14.06.21 16:46,14.06.21 16:51,Complete,326,326_G3_1_Clear_q1,keep,G3,Exposure 1,BP 2243 (end of the corridor),yes,About 5 minutes,05min,Slightly high,Comfortable,Noticeable,No,NA,Slightly,Not at all,Disagree,Agree,7,NA,NA,NA
111,14.06.21 17:12,14.06.21 17:20,Complete,326,326_G3_1_Clear_q2,keep,G3,Exposure 1,BP 2243 (end of the corridor),yes,About 30 minutes,30min,Slightly high,Comfortable,Noticeable,No,NA,Slightly,Moderately,Neither agree nor disagree,Agree,NA,"Yes, I would like the following changes:",draw the curtains,it would be better if I wasnt facing the sun
113,14.06.21 17:31,14.06.21 17:34,Complete,326,326_G3_2_Blurr_q1,keep,G3,Exposure 2,BP 2229 (center of the building),no,About 5 minutes,05min,Slightly high,Comfortable,Noticeable,Yes,Just acceptable,Moderately,Moderately,Disagree,Neither agree nor disagree,2,NA,NA,NA
115,14.06.21 17:51,14.06.21 17:58,Complete,326,326_G3_2_Blurr_q2,keep,G3,Exposure 2,BP 2229 (center of the building),no,About 30 minutes,30min,Slightly high,Uncomfortable,Noticeable,Yes,Just acceptable,Slightly,Not at all,Disagree,Neither agree nor disagree,NA,"Yes, I would like the following changes:",draw the curtains,too much exposed to the sun
117,15.06.21 16:43,15.06.21 16:48,Complete,327,327_G3_1_Clear_q1,keep,G3,Exposure 1,BP 2243 (end of the corridor),yes,About 5 minutes,05min,High,Very comfortable,Disturbing,Yes,Just unacceptable,Very much,Not at all,Neither agree nor disagree,Disagree,9,NA,NA,NA
119,15.06.21 17:11,15.06.21 17:21,Complete,327,327_G3_1_Clear_q2,keep,G3,Exposure 1,BP 2243 (end of the corridor),yes,About 30 minutes,30min,High,Comfortable,Disturbing,Yes,Just acceptable,Moderately,Not at all,Disagree,Neither agree nor disagree,NA,"Yes, I would like the following changes:",Shades,Sunlight hits directly the room and the desk. So stronger shades could be useful for the afternoon.
121,15.06.21 17:18,15.06.21 17:35,Partial,327,327_G3_2_Blurr_q1,keep,G3,Exposure 2,BP 2229 (center of the building),no,About 5 minutes,05min,High,Comfortable,Disturbing,Yes,Just unacceptable,Moderately,Not at all,Disagree,Strongly disagree,3,NA,NA,NA
123,15.06.21 17:53,15.06.21 18:04,Complete,327,327_G3_2_Blurr_q2,keep,G3,Exposure 2,BP 2229 (center of the building),no,About 30 minutes,30min,Slightly high,Uncomfortable,Disturbing,Yes,Unacceptable,Very much,Not at all,Strongly disagree,Disagree,NA,"Yes, I would like the following changes:",Shades,"The direct sunlight is quite disturbing and uncomfortable. A shade that would keep light in the room could be better.  In addition, the full view of the outside is better"
116,15.06.21 16:40,15.06.21 16:44,Complete,328,328_G3_1_Blurr_q1,keep,G3,Exposure 1,BP 2229 (center of the building),no,About 5 minutes,05min,Slightly high,Comfortable,Noticeable,Yes,Just acceptable,Slightly,Not at all,Neither agree nor disagree,Neither agree nor disagree,3,NA,NA,NA
118,15.06.21 17:06,15.06.21 17:15,Complete,328,328_G3_1_Blurr_q2,keep,G3,Exposure 1,BP 2229 (center of the building),no,About 30 minutes,30min,Slightly high,Uncomfortable,Disturbing,Yes,Just unacceptable,Moderately,Not at all,Disagree,Neither agree nor disagree,NA,"Yes, I would like the following changes:",window with view on tree/road,to have something else to look at than the sky
120,15.06.21 17:24,15.06.21 17:32,Complete,328,328_G3_2_Clear_q1,keep,G3,Exposure 2,BP 2243 (end of the corridor),yes,About 5 minutes,05min,High,Uncomfortable,Disturbing,Yes,Just unacceptable,Moderately,Not at all,Disagree,Agree,9,NA,NA,NA
122,15.06.21 17:50,15.06.21 17:57,Complete,328,328_G3_2_Clear_q2,keep,G3,Exposure 2,BP 2243 (end of the corridor),yes,About 30 minutes,30min,High,Uncomfortable,Disturbing,Yes,Just unacceptable,Moderately,Slightly,Disagree,Agree,NA,"No, even though I am somewhat uncomfortable",NA,NA
124,16.06.21 16:45,16.06.21 16:50,Complete,329,329_G3_1_Blurr_q1,keep,G3,Exposure 1,BP 2229 (center of the building),no,About 5 minutes,05min,Slightly low,Comfortable,Noticeable,No,NA,Not at all,Not at all,Agree,Neither agree nor disagree,3,NA,NA,NA
126,16.06.21 17:15,16.06.21 17:23,Complete,329,329_G3_1_Blurr_q2,keep,G3,Exposure 1,BP 2229 (center of the building),no,About 30 minutes,30min,Just right,Comfortable,Imperceptible,No,NA,Not at all,Not at all,Agree,Agree,NA,I have no preference,NA,NA
128,16.06.21 17:35,16.06.21 17:38,Complete,329,329_G3_2_Clear_q1,keep,G3,Exposure 2,BP 2243 (end of the corridor),yes,About 5 minutes,05min,Just right,Comfortable,Noticeable,Yes,Acceptable,Slightly,Not at all,Agree,Agree,7,NA,NA,NA
130,16.06.21 17:55,16.06.21 18:03,Complete,329,329_G3_2_Clear_q2,keep,G3,Exposure 2,BP 2243 (end of the corridor),yes,About 30 minutes,30min,Just right,Comfortable,Noticeable,No,NA,Not at all,Not at all,Neither agree nor disagree,Strongly agree,NA,I have no preference,NA,NA
125,16.06.21 16:49,16.06.21 16:54,Complete,330,330_G3_1_Clear_q1,keep,G3,Exposure 1,BP 2243 (end of the corridor),yes,About 5 minutes,05min,Slightly low,Uncomfortable,Noticeable,Yes,Just unacceptable,Slightly,Not at all,Disagree,Strongly agree,10,NA,NA,NA
127,16.06.21 17:17,16.06.21 17:28,Complete,330,330_G3_1_Clear_q2,keep,G3,Exposure 1,BP 2243 (end of the corridor),yes,About 30 minutes,30min,Just right,Very uncomfortable,Intolerable,Yes,Unacceptable,Very much,Not at all,Disagree,Agree,NA,"Yes, I would like the following changes:",close the curtains,"my eyes are very dry and it is getting harder to keep them open , and it is hot"
129,16.06.21 17:37,16.06.21 17:42,Complete,330,330_G3_2_Blurr_q1,keep,G3,Exposure 2,BP 2229 (center of the building),no,About 30 minutes,05min,Slightly high,Uncomfortable,Disturbing,Yes,Just unacceptable,Slightly,Not at all,Disagree,Disagree,NA,"Yes, I would like the following changes:","close the curtains, and make the room colder",eyes dry due to the sun heat in the room not comfortable
131,16.06.21 17:58,16.06.21 18:05,Complete,330,330_G3_2_Blurr_q2,keep,G3,Exposure 2,BP 2229 (center of the building),no,About 30 minutes,30min,Just right,Comfortable,Disturbing,Yes,Just unacceptable,Moderately,Not at all,Disagree,Neither agree nor disagree,NA,"Yes, I would like the following changes:","open the window, and make the room colder","fresh air too hot in this room, not comfortable"
132,17.06.21 16:39,17.06.21 16:51,Complete,331,331_G3_1_Blurr_q1,keep,G3,Exposure 1,BP 2229 (center of the building),no,About 5 minutes,05min,Just right,Uncomfortable,Noticeable,No,NA,Not at all,Not at all,Agree,Strongly agree,7,NA,NA,NA
134,17.06.21 17:12,17.06.21 17:21,Complete,331,331_G3_1_Blurr_q2,keep,G3,Exposure 1,BP 2229 (center of the building),no,About 30 minutes,30min,Just right,Uncomfortable,Disturbing,Yes,Just acceptable,Moderately,Not at all,Disagree,Agree,NA,"Yes, I would like the following changes:",Better air conditionning and hide better the sun,Put something to hide the sun.
136,17.06.21 17:34,17.06.21 17:37,Complete,331,331_G3_2_Clear_q1,keep,G3,Exposure 2,BP 2243 (end of the corridor),yes,About 5 minutes,05min,Slightly high,Uncomfortable,Noticeable,No,NA,Slightly,Not at all,Disagree,Strongly agree,5,NA,NA,NA
138,17.06.21 17:55,17.06.21 18:03,Complete,331,331_G3_2_Clear_q2,keep,G3,Exposure 2,BP 2243 (end of the corridor),yes,About 30 minutes,30min,High,Uncomfortable,Disturbing,Yes,Just unacceptable,Moderately,Not at all,Strongly disagree,Strongly agree,NA,"Yes, I would like the following changes:",put stores on the window,The sunlight and the view make it difficult to concentrate.
133,17.06.21 16:50,17.06.21 16:57,Complete,332,332_G3_1_Clear_q1,keep,G3,Exposure 1,BP 2243 (end of the corridor),yes,About 5 minutes,05min,Slightly high,Uncomfortable,Noticeable,Yes,Just acceptable,Slightly,Not at all,Disagree,Disagree,6,NA,NA,NA
135,17.06.21 17:17,17.06.21 17:27,Complete,332,332_G3_1_Clear_q2,keep,G3,Exposure 1,BP 2243 (end of the corridor),yes,About 30 minutes,30min,High,Uncomfortable,Disturbing,Yes,Unacceptable,Moderately,Not at all,Neither agree nor disagree,Disagree,NA,"Yes, I would like the following changes:",less sun light coming from the window,the light coming directly on my eyes is bothering me slightly.
137,17.06.21 17:36,17.06.21 17:39,Complete,332,332_G3_2_Blurr_q1,keep,G3,Exposure 2,BP 2229 (center of the building),no,About 5 minutes,05min,Slightly high,Uncomfortable,Imperceptible,No,NA,Slightly,Not at all,Neither agree nor disagree,Disagree,2,NA,NA,NA
139,17.06.21 17:57,17.06.21 18:03,Complete,332,332_G3_2_Blurr_q2,keep,G3,Exposure 2,BP 2229 (center of the building),no,About 30 minutes,30min,Slightly high,Uncomfortable,Disturbing,Yes,Just unacceptable,Slightly,Not at all,Disagree,Disagree,NA,I have no preference,NA,NA
140,22.06.21 16:54,22.06.21 16:58,Complete,333,333_G3_1_Blurr_q1,keep,G3,Exposure 1,BP 2229 (center of the building),no,About 5 minutes,05min,Slightly high,Uncomfortable,Intolerable,Yes,Unacceptable,Very much,Moderately,Strongly disagree,Disagree,3,NA,NA,NA
142,22.06.21 17:19,22.06.21 17:29,Complete,333,333_G3_1_Blurr_q2,keep,G3,Exposure 1,BP 2229 (center of the building),no,About 30 minutes,30min,Slightly high,Comfortable,Noticeable,Yes,Just acceptable,Slightly,Not at all,Agree,Agree,NA,"Yes, I would like the following changes:",direct sunlight,"Decrease the direct sunlight, with a more oculting window, or shutters"
144,22.06.21 17:41,22.06.21 17:45,Complete,333,333_G3_2_Clear_q1,keep,G3,Exposure 2,BP 2243 (end of the corridor),yes,About 5 minutes,05min,Slightly high,Comfortable,Noticeable,Yes,Just acceptable,Slightly,Not at all,Agree,Agree,10,NA,NA,NA
146,22.06.21 18:01,22.06.21 18:10,Complete,333,333_G3_2_Clear_q2,keep,G3,Exposure 2,BP 2243 (end of the corridor),yes,About 30 minutes,30min,Just right,Very comfortable,Imperceptible,No,NA,Not at all,Not at all,Strongly agree,Strongly agree,NA,"Yes, I would like the following changes:",sunlight,"When the sun was shining, it was too bright for me. I would occult it even more. The outdoor view is much more pleasant when seeing the bottom of the window (compared to other room)"
141,22.06.21 16:57,22.06.21 17:01,Complete,334,334_G3_1_Clear_q1,keep,G3,Exposure 1,BP 2243 (end of the corridor),yes,About 5 minutes,05min,Just right,Very comfortable,Imperceptible,No,NA,Not at all,Not at all,Strongly agree,Strongly agree,10,NA,NA,NA
143,22.06.21 17:23,22.06.21 17:28,Complete,334,334_G3_1_Clear_q2,keep,G3,Exposure 1,BP 2243 (end of the corridor),yes,About 30 minutes,30min,Just right,Very uncomfortable,Imperceptible,No,NA,Not at all,Not at all,Strongly agree,Strongly agree,NA,"No, I am comfortable and do not require changes",NA,NA
145,22.06.21 17:43,22.06.21 17:45,Complete,334,334_G3_2_Blurr_q1,keep,G3,Exposure 2,BP 2229 (center of the building),no,About 5 minutes,05min,Slightly low,Very comfortable,Imperceptible,No,NA,Not at all,Not at all,Strongly agree,Strongly agree,3,NA,NA,NA
147,22.06.21 18:05,22.06.21 18:10,Complete,334,334_G3_2_Blurr_q2,keep,G3,Exposure 2,BP 2229 (center of the building),no,About 30 minutes,30min,Slightly low,Very comfortable,Imperceptible,No,NA,Not at all,Not at all,Strongly agree,Strongly agree,NA,"No, I am comfortable and do not require changes",NA,NA
148,23.06.21 15:48,23.06.21 15:52,Complete,335,335_NG_1_Blurr_q1,keep,NG,Exposure 1,BP 2229 (center of the building),no,About 5 minutes,05min,Slightly high,Comfortable,Noticeable,No,NA,Slightly,Slightly,Neither agree nor disagree,Agree,8,NA,NA,NA
150,23.06.21 16:14,23.06.21 16:21,Complete,335,335_NG_1_Blurr_q2,keep,NG,Exposure 1,BP 2229 (center of the building),no,About 30 minutes,30min,Slightly high,Comfortable,Noticeable,No,NA,Slightly,Slightly,Neither agree nor disagree,Agree,NA,I have no preference,NA,NA
152,23.06.21 16:32,23.06.21 16:40,Complete,335,335_NG_2_Clear_q1,keep,NG,Exposure 2,BP 2243 (end of the corridor),yes,About 5 minutes,05min,Just right,Comfortable,Noticeable,No,NA,Slightly,Not at all,Agree,Strongly agree,9,NA,NA,NA
154,23.06.21 16:57,23.06.21 17:03,Complete,335,335_NG_2_Clear_q2,keep,NG,Exposure 2,BP 2243 (end of the corridor),yes,About 30 minutes,30min,Just right,Comfortable,Noticeable,No,NA,Not at all,Not at all,Agree,Agree,NA,"No, I am comfortable and do not require changes",NA,NA
149,23.06.21 15:51,23.06.21 15:57,Complete,336,336_NG_1_Clear_q1,keep,NG,Exposure 1,BP 2243 (end of the corridor),yes,About 5 minutes,05min,Slightly low,Comfortable,Noticeable,No,NA,Not at all,Not at all,Disagree,Agree,6,NA,NA,NA
151,23.06.21 16:20,23.06.21 16:29,Complete,336,336_NG_1_Clear_q2,keep,NG,Exposure 1,BP 2243 (end of the corridor),yes,About 30 minutes,30min,Slightly low,Comfortable,Noticeable,No,NA,Slightly,Slightly,Disagree,Neither agree nor disagree,NA,"Yes, I would like the following changes:",the sun,sun exposure
153,23.06.21 16:27,23.06.21 16:44,Complete,336,336_NG_2_Blurr_q1,keep,NG,Exposure 2,BP 2229 (center of the building),no,About 5 minutes,05min,Just right,Comfortable,Imperceptible,No,NA,Not at all,Not at all,Neither agree nor disagree,Strongly disagree,1,NA,NA,NA
155,23.06.21 17:02,23.06.21 17:09,Complete,336,336_NG_2_Blurr_q2,keep,NG,Exposure 2,BP 2229 (center of the building),no,About 30 minutes,30min,Slightly low,Comfortable,Noticeable,No,NA,Not at all,Not at all,Neither agree nor disagree,Disagree,NA,"Yes, I would like the following changes:",i woold the glass blocking the view,glass blocking the view a little bit hot
157,25.06.21 14:50,25.06.21 14:54,Complete,337,337_NG_1_Clear_q1,keep,NG,Exposure 1,BP 2243 (end of the corridor),yes,About 5 minutes,05min,Slightly low,Very comfortable,Noticeable,Yes,Acceptable,Slightly,Not at all,Disagree,Strongly agree,9,NA,NA,NA
159,25.06.21 15:16,25.06.21 15:22,Complete,337,337_NG_1_Clear_q2,keep,NG,Exposure 1,BP 2243 (end of the corridor),yes,About 30 minutes,30min,Slightly low,Comfortable,Noticeable,Yes,Acceptable,Slightly,Not at all,Agree,Strongly agree,NA,"Yes, I would like the following changes:",open the window,have more air
161,25.06.21 15:36,25.06.21 15:40,Complete,337,337_NG_2_Blurr_q1,keep,NG,Exposure 2,BP 2229 (center of the building),no,About 5 minutes,05min,Slightly low,Comfortable,Imperceptible,No,NA,Not at all,Not at all,Neither agree nor disagree,Neither agree nor disagree,1,NA,NA,NA
163,25.06.21 15:56,25.06.21 16:03,Complete,337,337_NG_2_Blurr_q2,keep,NG,Exposure 2,BP 2229 (center of the building),no,About 30 minutes,30min,Slightly high,Comfortable,Imperceptible,No,NA,Not at all,Not at all,Agree,Disagree,NA,"Yes, I would like the following changes:",more light and view to the outside,because i feel stuck if i cant see the outside
156,25.06.21 14:40,25.06.21 14:52,Complete,338,338_NG_1_Blurr_q1,keep,NG,Exposure 1,BP 2229 (center of the building),no,About 5 minutes,05min,Just right,Comfortable,Noticeable,No,NA,Slightly,Not at all,Neither agree nor disagree,Agree,8,NA,NA,NA
158,25.06.21 15:12,25.06.21 15:22,Complete,338,338_NG_1_Blurr_q2,keep,NG,Exposure 1,BP 2229 (center of the building),no,About 30 minutes,30min,Slightly low,Comfortable,Noticeable,No,NA,Slightly,Not at all,Agree,Agree,NA,"Yes, I would like the following changes:",To take off the shadow that does not allow me to see the view.,"So that I can see what is happening outside, beacause seeing the white shadow is a bit uncomfortable"
160,25.06.21 15:34,25.06.21 15:37,Complete,338,338_NG_2_Clear_q1,keep,NG,Exposure 2,BP 2243 (end of the corridor),yes,About 5 minutes,05min,Just right,Comfortable,Noticeable,Yes,Just acceptable,Slightly,Not at all,Disagree,Agree,10,NA,NA,NA
162,25.06.21 15:53,25.06.21 16:01,Complete,338,338_NG_2_Clear_q2,keep,NG,Exposure 2,BP 2243 (end of the corridor),yes,About 30 minutes,30min,Just right,Comfortable,Noticeable,No,NA,Slightly,Not at all,Agree,Agree,NA,"Yes, I would like the following changes:",cover all the window,so that i dont see the difference in light
164,28.06.21 14:48,28.06.21 14:52,Complete,339,339_NG_1_Blurr_q1,keep,NG,Exposure 1,BP 2229 (center of the building),no,About 5 minutes,05min,Just right,Comfortable,Noticeable,No,NA,Slightly,Not at all,Neither agree nor disagree,Agree,7,NA,NA,NA
167,28.06.21 15:13,28.06.21 15:22,Complete,339,339_NG_1_Blurr_q2,keep,NG,Exposure 1,BP 2229 (center of the building),no,About 30 minutes,30min,Just right,Comfortable,Imperceptible,No,NA,Not at all,Not at all,Agree,Agree,NA,"Yes, I would like the following changes:",bigger room,i prefer to have a view on the outside other than just the sky and a bigger space
168,28.06.21 15:37,28.06.21 15:40,Complete,339,339_NG_2_Clear_q1,keep,NG,Exposure 2,BP 2243 (end of the corridor),yes,About 5 minutes,05min,Slightly low,Comfortable,Imperceptible,No,NA,Not at all,Not at all,Agree,Agree,7,NA,NA,NA
170,28.06.21 15:56,28.06.21 16:03,Complete,339,339_NG_2_Clear_q2,keep,NG,Exposure 2,BP 2243 (end of the corridor),yes,About 30 minutes,30min,Slightly low,Comfortable,Imperceptible,No,NA,Not at all,Not at all,Agree,Agree,NA,I have no preference,NA,NA
165,28.06.21 14:50,28.06.21 14:55,Complete,340,340_NG_1_Clear_q1,keep,NG,Exposure 1,BP 2243 (end of the corridor),yes,About 5 minutes,05min,Slightly high,Comfortable,Noticeable,No,NA,Slightly,Slightly,Agree,Disagree,8,NA,NA,NA
166,28.06.21 15:17,28.06.21 15:23,Complete,340,340_NG_1_Clear_q2,keep,NG,Exposure 1,BP 2243 (end of the corridor),yes,About 30 minutes,30min,Low,Uncomfortable,Noticeable,Yes,Just unacceptable,Moderately,Moderately,Disagree,Disagree,NA,"Yes, I would like the following changes:",something is wrong with teh colours outside,REMOVE THE BLACK WINDOWS... Thank you
169,28.06.21 15:38,28.06.21 15:42,Complete,340,340_NG_2_Blurr_q1,keep,NG,Exposure 2,BP 2229 (center of the building),no,About 5 minutes,05min,Low,Uncomfortable,Noticeable,Yes,Just acceptable,Slightly,Slightly,Disagree,Disagree,0,NA,NA,NA
171,28.06.21 16:00,28.06.21 16:08,Complete,340,340_NG_2_Blurr_q2,keep,NG,Exposure 2,BP 2229 (center of the building),no,About 30 minutes,30min,Low,Uncomfortable,Noticeable,Yes,Just acceptable,Slightly,Slightly,Disagree,Strongly disagree,NA,"Yes, I would like the following changes:",remove these awkward glasses,yes
172,29.06.21 15:26,29.06.21 15:30,Complete,341,341_NG_1_Blurr_q1,keep,NG,Exposure 1,BP 2229 (center of the building),no,About 5 minutes,05min,Just right,Comfortable,Noticeable,Yes,Just acceptable,Moderately,Not at all,Strongly disagree,Agree,1,NA,NA,NA
174,29.06.21 15:51,29.06.21 15:59,Complete,341,341_NG_1_Blurr_q2,keep,NG,Exposure 1,BP 2229 (center of the building),no,About 30 minutes,30min,High,Uncomfortable,Disturbing,Yes,Just unacceptable,Moderately,Not at all,Disagree,Neither agree nor disagree,NA,"Yes, I would like the following changes:",face a wall instead of the sun,Having the sun behind a somewhat dim screen makes my eyes strain
176,29.06.21 16:14,29.06.21 16:17,Complete,341,341_NG_2_Clear_q1,keep,NG,Exposure 2,BP 2243 (end of the corridor),yes,About 5 minutes,05min,Just right,Comfortable,Noticeable,Yes,Acceptable,Slightly,Not at all,Agree,Agree,7,NA,NA,NA
178,29.06.21 16:35,29.06.21 16:44,Complete,341,341_NG_2_Clear_q2,keep,NG,Exposure 2,BP 2243 (end of the corridor),yes,About 30 minutes,30min,Very high,Comfortable,Disturbing,Yes,Just acceptable,Moderately,Slightly,Disagree,Strongly agree,NA,"Yes, I would like the following changes:",put the table against a wall instead,to avoid sun in eyes
173,29.06.21 15:30,29.06.21 15:35,Complete,342,342_NG_1_Clear_q1,keep,NG,Exposure 1,BP 2243 (end of the corridor),yes,About 5 minutes,05min,Just right,Very comfortable,Noticeable,No,NA,Moderately,Not at all,Disagree,Strongly agree,9,NA,NA,NA
175,29.06.21 15:53,29.06.21 16:01,Complete,342,342_NG_1_Clear_q2,keep,NG,Exposure 1,BP 2243 (end of the corridor),yes,About 30 minutes,30min,Just right,Comfortable,Noticeable,Yes,Acceptable,Slightly,Slightly,Agree,Strongly agree,NA,"No, I am comfortable and do not require changes",NA,NA
177,29.06.21 16:03,29.06.21 16:19,Complete,342,342_NG_2_Blurr_q1,keep,NG,Exposure 2,BP 2229 (center of the building),no,About 5 minutes,05min,Slightly low,Comfortable,Disturbing,No,NA,Moderately,Not at all,Disagree,Strongly agree,5,NA,NA,NA
179,29.06.21 16:39,29.06.21 16:49,Complete,342,342_NG_2_Blurr_q2,keep,NG,Exposure 2,BP 2229 (center of the building),no,About 30 minutes,30min,Slightly low,Comfortable,Noticeable,No,NA,Slightly,Not at all,Neither agree nor disagree,Strongly agree,NA,"Yes, I would like the following changes:",the white paper covering part of the window,"First of all, the room is already very white, so the white paper is hurting my eyes a bit. Also, it is much nicer to see what is happening on the other side of the window, that way you do not feel excluded from the outside."
180,02.07.21 16:47,02.07.21 16:50,Complete,343,343_G1_1_Blurr_q1,keep,G1,Exposure 1,BP 2229 (center of the building),no,About 5 minutes,05min,Just right,Comfortable,Noticeable,Yes,Just acceptable,Moderately,Not at all,Agree,Agree,3,NA,NA,NA
182,02.07.21 17:10,02.07.21 17:19,Complete,343,343_G1_1_Blurr_q2,keep,G1,Exposure 1,BP 2229 (center of the building),no,About 30 minutes,30min,Slightly low,Uncomfortable,Noticeable,No,NA,Slightly,Slightly,Neither agree nor disagree,Agree,NA,"Yes, I would like the following changes:",remove the cash from the lower side of the window,so i can see the outside environement
184,02.07.21 17:32,02.07.21 17:40,Complete,343,343_G1_2_Clear_q1,keep,G1,Exposure 2,BP 2243 (end of the corridor),yes,About 5 minutes,05min,Just right,Comfortable,Noticeable,No,NA,Slightly,Slightly,Agree,Agree,8,NA,NA,NA
186,02.07.21 17:56,02.07.21 18:02,Complete,343,343_G1_2_Clear_q2,keep,G1,Exposure 2,BP 2243 (end of the corridor),yes,About 30 minutes,30min,Just right,Comfortable,Noticeable,No,NA,Slightly,Slightly,Neither agree nor disagree,Agree,NA,"No, even though I am somewhat uncomfortable",NA,NA
181,02.07.21 16:49,02.07.21 16:57,Complete,344,344_G1_1_Clear_q1,keep,G1,Exposure 1,BP 2243 (end of the corridor),yes,About 5 minutes,05min,Slightly high,Comfortable,Noticeable,No,NA,Not at all,Not at all,Agree,Agree,6,NA,NA,NA
183,02.07.21 17:20,02.07.21 17:30,Complete,344,344_G1_1_Clear_q2,keep,G1,Exposure 1,BP 2243 (end of the corridor),yes,About 30 minutes,30min,Slightly high,Comfortable,Noticeable,No,NA,Slightly,Slightly,Neither agree nor disagree,Agree,NA,"No, I am comfortable and do not require changes",NA,NA
185,02.07.21 17:39,02.07.21 17:43,Complete,344,344_G1_2_Blurr_q1,keep,G1,Exposure 2,BP 2229 (center of the building),no,About 5 minutes,05min,Slightly high,Uncomfortable,Noticeable,Yes,Acceptable,Slightly,Slightly,Disagree,Disagree,4,NA,NA,NA
187,02.07.21 18:02,02.07.21 18:09,Complete,344,344_G1_2_Blurr_q2,keep,G1,Exposure 2,BP 2229 (center of the building),no,About 30 minutes,30min,Slightly high,Comfortable,Imperceptible,No,NA,Not at all,Not at all,Neither agree nor disagree,Disagree,NA,"No, even though I am somewhat uncomfortable",NA,NA
188,09.07.21 16:42,09.07.21 16:46,Complete,345,345_G1_1_Blurr_q1,keep,G1,Exposure 1,BP 2229 (center of the building),no,About 5 minutes,05min,Just right,Very comfortable,Noticeable,No,NA,Not at all,Not at all,Agree,Disagree,7,NA,NA,NA
190,09.07.21 17:07,09.07.21 17:15,Complete,345,345_G1_1_Blurr_q2,keep,G1,Exposure 1,BP 2229 (center of the building),no,About 30 minutes,30min,Just right,Comfortable,Noticeable,No,NA,Slightly,Not at all,Agree,Disagree,NA,"No, I am comfortable and do not require changes",NA,NA
192,09.07.21 17:30,09.07.21 17:34,Complete,345,345_G1_2_Clear_q1,keep,G1,Exposure 2,BP 2243 (end of the corridor),yes,About 5 minutes,05min,Slightly high,Uncomfortable,Disturbing,Yes,Just acceptable,Moderately,Not at all,Disagree,Strongly agree,4,NA,NA,NA
194,09.07.21 17:50,09.07.21 17:58,Complete,345,345_G1_2_Clear_q2,keep,G1,Exposure 2,BP 2243 (end of the corridor),yes,About 30 minutes,30min,Slightly low,Uncomfortable,Disturbing,Yes,Just unacceptable,Moderately,Not at all,Disagree,Agree,NA,"Yes, I would like the following changes:",Having the window not facing a road,It makes me unfocus
189,09.07.21 14:51,09.07.21 16:51,Complete,346,346_G1_1_Clear_q1,keep,G1,Exposure 1,BP 2243 (end of the corridor),yes,About 5 minutes,05min,Slightly low,Uncomfortable,Disturbing,Yes,Acceptable,Moderately,Not at all,Disagree,Disagree,4,NA,NA,NA
191,09.07.21 17:13,09.07.21 17:23,Complete,346,346_G1_1_Clear_q2,keep,G1,Exposure 1,BP 2243 (end of the corridor),yes,About 30 minutes,30min,High,Uncomfortable,Disturbing,Yes,Just unacceptable,Very much,Not at all,Strongly disagree,Disagree,NA,"Yes, I would like the following changes:",I would like not to have the sun in my eyes,"Not to have the sun in my eyes, as well as the reflection of the sun on my desk"
193,09.07.21 17:19,09.07.21 17:36,Complete,346,346_G1_2_Blurr_q1,keep,G1,Exposure 2,BP 2229 (center of the building),no,About 5 minutes,05min,Just right,Uncomfortable,Disturbing,Yes,Just unacceptable,Moderately,Not at all,Disagree,Disagree,1,NA,NA,NA
195,09.07.21 17:52,09.07.21 18:01,Complete,346,346_G1_2_Blurr_q2,keep,G1,Exposure 2,BP 2229 (center of the building),no,About 30 minutes,30min,Slightly high,Uncomfortable,Disturbing,Yes,Unacceptable,Very much,Not at all,Strongly disagree,Disagree,NA,"Yes, I would like the following changes:",i don't want to have sun in my eyes anymore,"having the sun in my eyes is very uncomfortable, by the reflection of it on the desk as well as having it directly in my eyes"
196,12.07.21 15:36,12.07.21 15:41,Complete,347,347_NG_1_Blurr_q1,keep,NG,Exposure 1,BP 2229 (center of the building),no,About 5 minutes,05min,Just right,Comfortable,Imperceptible,No,NA,Not at all,Not at all,Strongly agree,Strongly agree,7,NA,NA,NA
199,12.07.21 16:01,12.07.21 16:11,Complete,347,347_NG_1_Blurr_q2,keep,NG,Exposure 1,BP 2229 (center of the building),no,About 30 minutes,30min,Just right,Comfortable,Imperceptible,No,NA,Not at all,Not at all,Strongly agree,Strongly agree,NA,"No, I am comfortable and do not require changes",NA,NA
200,12.07.21 16:25,12.07.21 16:28,Complete,347,347_NG_2_Clear_q1,keep,NG,Exposure 2,BP 2243 (end of the corridor),yes,About 5 minutes,05min,Slightly high,Comfortable,Noticeable,No,NA,Slightly,Not at all,Neither agree nor disagree,Strongly agree,8,NA,NA,NA
202,12.07.21 16:45,12.07.21 16:52,Complete,347,347_NG_2_Clear_q2,keep,NG,Exposure 2,BP 2243 (end of the corridor),yes,About 30 minutes,30min,Just right,Comfortable,Imperceptible,No,NA,Not at all,Not at all,Agree,Strongly agree,NA,"Yes, I would like the following changes:",too much light,put a tinted glass or put down the blinds when it is very sunny. (it was at the begining of the study but not at the end)
197,12.07.21 15:39,12.07.21 15:43,Complete,348,348_NG_1_Clear_q1,keep,NG,Exposure 1,BP 2243 (end of the corridor),yes,About 5 minutes,05min,Slightly high,Uncomfortable,Disturbing,Yes,Just acceptable,Moderately,Not at all,Disagree,Agree,7,NA,NA,NA
198,12.07.21 16:04,12.07.21 16:10,Complete,348,348_NG_1_Clear_q2,keep,NG,Exposure 1,BP 2243 (end of the corridor),yes,About 30 minutes,30min,High,Uncomfortable,Noticeable,Yes,Just acceptable,Moderately,Not at all,Disagree,Neither agree nor disagree,NA,"Yes, I would like the following changes:",put down the curtains if possible,"I would prefer less direct sunlight, maybe move the desk closer to the wall or add some shade in the room."
201,12.07.21 16:26,12.07.21 16:29,Complete,348,348_NG_2_Blurr_q1,keep,NG,Exposure 2,BP 2229 (center of the building),no,About 5 minutes,05min,Just right,Comfortable,Noticeable,No,NA,Slightly,Not at all,Neither agree nor disagree,Disagree,3,NA,NA,NA
203,12.07.21 16:47,12.07.21 16:53,Complete,348,348_NG_2_Blurr_q2,keep,NG,Exposure 2,BP 2229 (center of the building),no,About 30 minutes,30min,Slightly high,Comfortable,Noticeable,No,NA,Slightly,Not at all,Agree,Disagree,NA,"No, even though I am somewhat uncomfortable",NA,NA
204,19.07.21 16:49,19.07.21 16:53,Complete,349,349_G1_1_Blurr_q1,keep,G1,Exposure 1,BP 2229 (center of the building),no,About 5 minutes,05min,Slightly high,Comfortable,Imperceptible,No,NA,Not at all,Not at all,Agree,Neither agree nor disagree,5,NA,NA,NA
206,19.07.21 17:15,19.07.21 17:22,Complete,349,349_G1_1_Blurr_q2,keep,G1,Exposure 1,BP 2229 (center of the building),no,About 30 minutes,30min,Very high,Comfortable,Noticeable,Yes,Acceptable,Slightly,Not at all,Disagree,Agree,NA,"No, even though I am somewhat uncomfortable",NA,NA
208,19.07.21 17:42,19.07.21 17:52,Complete,349,349_G1_2_Clear_q1,keep,G1,Exposure 2,BP 2243 (end of the corridor),yes,About 5 minutes,05min,High,Comfortable,Noticeable,Yes,Acceptable,Slightly,Slightly,Disagree,Agree,3,NA,NA,NA
210,19.07.21 18:09,19.07.21 18:15,Complete,349,349_G1_2_Clear_q2,keep,G1,Exposure 2,BP 2243 (end of the corridor),yes,About 30 minutes,30min,High,Uncomfortable,Noticeable,Yes,Just acceptable,Slightly,Slightly,Disagree,Agree,NA,"No, even though I am somewhat uncomfortable",NA,NA
205,19.07.21 14:38,19.07.21 17:00,Complete,350,350_G1_1_Clear_q1,keep,G1,Exposure 1,BP 2243 (end of the corridor),yes,About 5 minutes,05min,High,Very uncomfortable,Disturbing,Yes,Unacceptable,Very much,Not at all,Strongly disagree,Agree,9,NA,NA,NA
207,19.07.21 17:31,19.07.21 17:40,Complete,350,350_G1_1_Clear_q2,keep,G1,Exposure 1,BP 2243 (end of the corridor),yes,About 30 minutes,30min,High,Uncomfortable,Disturbing,Yes,Just unacceptable,Very much,Not at all,Disagree,Strongly agree,NA,"Yes, I would like the following changes:",Change the position of the desk to have the window next to the computer and not behind it,I would like to change the desk configuration because the direct sunlight disturbs me and make my eyes feel tired rapidly.
209,19.07.21 17:50,19.07.21 17:55,Complete,350,350_G1_2_Blurr_q1,keep,G1,Exposure 2,BP 2229 (center of the building),no,About 5 minutes,05min,High,Uncomfortable,Disturbing,Yes,Just unacceptable,Slightly,Not at all,Disagree,Strongly disagree,0,NA,NA,NA
211,19.07.21 18:13,19.07.21 18:24,Complete,350,350_G1_2_Blurr_q2,keep,G1,Exposure 2,BP 2229 (center of the building),no,About 30 minutes,30min,Slightly low,Uncomfortable,Intolerable,Yes,Unacceptable,Very much,Not at all,Strongly disagree,Strongly disagree,NA,"Yes, I would like the following changes:","Change in the position of the desk, I would place it next to the window rather than in front of the window.",The direct sunlight is disturbing me and getting my eyes tired.
212,20.07.21 16:44,20.07.21 16:58,Complete,351,351_G1_1_Blurr_q1,keep,G1,Exposure 1,BP 2229 (center of the building),no,About 5 minutes,05min,Slightly high,Comfortable,Imperceptible,No,NA,Not at all,Not at all,Agree,Agree,2,NA,NA,NA
214,20.07.21 17:19,20.07.21 17:31,Complete,351,351_G1_1_Blurr_q2,keep,G1,Exposure 1,BP 2229 (center of the building),no,About 30 minutes,30min,Slightly high,Uncomfortable,Noticeable,No,NA,Not at all,Not at all,Agree,Agree,NA,"Yes, I would like the following changes:",I would like to see the view from the window,"I would like to be able to see outside, so maybe put something else instead of blinds that will protect from the sun"
216,20.07.21 17:28,20.07.21 17:47,Complete,351,351_G1_2_Clear_q1,keep,G1,Exposure 2,BP 2243 (end of the corridor),yes,About 5 minutes,05min,Slightly high,Comfortable,Noticeable,No,NA,Not at all,Not at all,Agree,Agree,7,NA,NA,NA
218,20.07.21 18:03,20.07.21 18:09,Complete,351,351_G1_2_Clear_q2,keep,G1,Exposure 2,BP 2243 (end of the corridor),yes,About 30 minutes,30min,Slightly high,Comfortable,Noticeable,No,NA,Not at all,Not at all,Agree,Agree,NA,"No, even though I am somewhat uncomfortable",NA,NA
213,20.07.21 15:29,20.07.21 17:01,Complete,352,352_G1_1_Clear_q1,keep,G1,Exposure 1,BP 2243 (end of the corridor),yes,About 5 minutes,05min,Slightly low,Comfortable,Disturbing,Yes,Acceptable,Slightly,Not at all,Neither agree nor disagree,Agree,8,NA,NA,NA
215,20.07.21 17:23,20.07.21 17:32,Complete,352,352_G1_1_Clear_q2,keep,G1,Exposure 1,BP 2243 (end of the corridor),yes,About 30 minutes,30min,Just right,Comfortable,Noticeable,Yes,Acceptable,Moderately,Not at all,Neither agree nor disagree,Agree,NA,"Yes, I would like the following changes:",having blinds for the sun,i'm facing the sun
217,20.07.21 17:33,20.07.21 17:49,Complete,352,352_G1_2_Blurr_q1,keep,G1,Exposure 2,BP 2229 (center of the building),no,About 5 minutes,05min,Just right,Comfortable,Noticeable,No,NA,Slightly,Not at all,Disagree,Strongly disagree,5,NA,NA,NA
219,20.07.21 18:07,20.07.21 18:16,Complete,352,352_G1_2_Blurr_q2,keep,G1,Exposure 2,BP 2229 (center of the building),no,About 30 minutes,30min,Just right,Comfortable,Disturbing,Yes,Acceptable,Moderately,Not at all,Disagree,Strongly disagree,NA,"Yes, I would like the following changes:","remove the white things below so we can see the ouside and put some ""store"" to cover the sun",because the sun is directly in my direction and the fact that we cant see outside can be stressful for the long term
NA,NA,NA,NA,353,353_G1_1_Clear_q1,keep,G1,Exposure 1,BP 2243 (end of the corridor),yes,About 5 minutes,05min,NA,NA,NA,NA,NA,NA,NA,NA,NA,NA,NA,NA,NA
222,21.07.21 17:21,21.07.21 17:32,Complete,353,353_G1_1_Clear_q2,keep,G1,Exposure 1,BP 2243 (end of the corridor),yes,About 30 minutes,30min,Just right,Comfortable,Noticeable,No,NA,Slightly,Not at all,Agree,Agree,NA,"No, I am comfortable and do not require changes",NA,NA
224,21.07.21 17:42,21.07.21 17:46,Complete,353,353_G1_2_Blurr_q1,keep,G1,Exposure 2,BP 2229 (center of the building),no,About 5 minutes,05min,Just right,Very comfortable,Noticeable,No,NA,Not at all,Not at all,Agree,Disagree,4,NA,NA,NA
226,21.07.21 18:04,21.07.21 18:13,Complete,353,353_G1_2_Blurr_q2,keep,G1,Exposure 2,BP 2229 (center of the building),no,About 30 minutes,30min,Slightly low,Comfortable,Noticeable,No,NA,Slightly,Not at all,Neither agree nor disagree,Disagree,NA,"No, I am comfortable and do not require changes",NA,NA
220,21.07.21 16:43,21.07.21 16:55,Complete,354,354_G1_1_Blurr_q1,keep,G1,Exposure 1,BP 2229 (center of the building),no,About 5 minutes,05min,Just right,Comfortable,Noticeable,No,NA,Slightly,Not at all,Strongly agree,Strongly agree,4,NA,NA,NA
221,21.07.21 17:17,21.07.21 17:26,Complete,354,354_G1_1_Blurr_q2,keep,G1,Exposure 1,BP 2229 (center of the building),no,About 30 minutes,30min,Just right,Comfortable,Noticeable,No,NA,Slightly,Not at all,Agree,Strongly agree,NA,"Yes, I would like the following changes:",I would prefer not to have my screen right before the window,"I like the sunlight and the view to the outside, but I prefer not to have it directly behind the screen."
223,21.07.21 17:40,21.07.21 17:44,Complete,354,354_G1_2_Clear_q1,keep,G1,Exposure 2,BP 2243 (end of the corridor),yes,About 5 minutes,05min,Just right,Comfortable,Noticeable,No,NA,Slightly,Not at all,Agree,Strongly agree,10,NA,NA,NA
225,21.07.21 18:00,21.07.21 18:08,Complete,354,354_G1_2_Clear_q2,keep,G1,Exposure 2,BP 2243 (end of the corridor),yes,About 30 minutes,30min,Just right,Comfortable,Noticeable,Yes,Acceptable,Slightly,Not at all,Neither agree nor disagree,Strongly agree,NA,"Yes, I would like the following changes:",Make something in the background darker,The background is too bright to work like that all day long (even though it is nice to see more)
227,22.07.21 16:38,22.07.21 16:50,Complete,355,355_G1_1_Blurr_q1,keep,G1,Exposure 1,BP 2229 (center of the building),no,About 5 minutes,05min,Just right,Uncomfortable,Noticeable,No,NA,Not at all,Slightly,Agree,Strongly disagree,2,NA,NA,NA
229,22.07.21 17:13,22.07.21 17:22,Complete,355,355_G1_1_Blurr_q2,keep,G1,Exposure 1,BP 2229 (center of the building),no,About 30 minutes,30min,Just right,Uncomfortable,Noticeable,No,NA,Not at all,Slightly,Agree,Strongly disagree,NA,"Yes, I would like the following changes:",remove the white thing so i can see outside i,Because I like to look outside
231,22.07.21 17:28,22.07.21 17:38,Complete,355,355_G1_2_Clear_q1,keep,G1,Exposure 2,BP 2243 (end of the corridor),yes,About 5 minutes,05min,Just right,Comfortable,Noticeable,No,NA,Slightly,Not at all,Agree,Strongly agree,7,NA,NA,NA
233,22.07.21 17:55,22.07.21 18:03,Complete,355,355_G1_2_Clear_q2,keep,G1,Exposure 2,BP 2243 (end of the corridor),yes,About 30 minutes,30min,Just right,Comfortable,Noticeable,No,NA,Not at all,Slightly,Agree,Strongly agree,NA,"No, even though I am somewhat uncomfortable",NA,NA
228,22.07.21 15:37,22.07.21 16:53,Complete,356,356_G1_1_Clear_q1,keep,G1,Exposure 1,BP 2243 (end of the corridor),yes,About 5 minutes,05min,Slightly low,Comfortable,Noticeable,No,NA,Slightly,Not at all,Agree,Agree,8,NA,NA,NA
230,22.07.21 17:15,22.07.21 17:23,Complete,356,356_G1_1_Clear_q2,keep,G1,Exposure 1,BP 2243 (end of the corridor),yes,About 30 minutes,30min,Slightly low,Uncomfortable,Noticeable,Yes,Just acceptable,Moderately,Not at all,Disagree,Agree,NA,"No, even though I am somewhat uncomfortable",NA,NA
232,22.07.21 17:25,22.07.21 17:39,Complete,356,356_G1_2_Blurr_q1,keep,G1,Exposure 2,BP 2229 (center of the building),no,About 5 minutes,05min,Slightly low,Comfortable,Noticeable,No,NA,Not at all,Not at all,Neither agree nor disagree,Disagree,5,NA,NA,NA
234,22.07.21 17:59,22.07.21 18:07,Complete,356,356_G1_2_Blurr_q2,keep,G1,Exposure 2,BP 2229 (center of the building),no,About 30 minutes,30min,Slightly low,Comfortable,Noticeable,No,NA,Not at all,Not at all,Disagree,Disagree,NA,"No, I am comfortable and do not require changes",NA,NA
236,23.07.21 16:53,23.07.21 16:58,Complete,357,357_G3_1_Clear_q1,keep,G3,Exposure 1,BP 2243 (end of the corridor),yes,About 5 minutes,05min,High,Uncomfortable,Disturbing,Yes,Unacceptable,Moderately,Not at all,Disagree,Disagree,9,NA,NA,NA
238,23.07.21 17:20,23.07.21 17:30,Complete,357,357_G3_1_Clear_q2,keep,G3,Exposure 1,BP 2243 (end of the corridor),yes,About 30 minutes,30min,Slightly high,Uncomfortable,Disturbing,Yes,Just unacceptable,Moderately,Not at all,Disagree,Disagree,NA,"Yes, I would like the following changes:",I would like the table to face one of the walls such that I am perpedicular to the window,I would like to change the current configuration because I don't like having the sun shine directly into my eyes.
239,23.07.21 17:38,23.07.21 17:47,Complete,357,357_G3_2_Blurr_q1,keep,G3,Exposure 2,BP 2229 (center of the building),no,About 5 minutes,05min,Slightly high,Uncomfortable,Disturbing,Yes,Just unacceptable,Moderately,Not at all,Disagree,Strongly disagree,0,NA,NA,NA
241,23.07.21 18:03,23.07.21 18:12,Complete,357,357_G3_2_Blurr_q2,keep,G3,Exposure 2,BP 2229 (center of the building),no,About 30 minutes,30min,Just right,Uncomfortable,Disturbing,Yes,Just unacceptable,Moderately,Not at all,Disagree,Disagree,NA,"Yes, I would like the following changes:",i would like the the white panes to be moved such that they block the sun,So that I do not have the sun shining into my eyes
235,23.07.21 16:42,23.07.21 16:57,Complete,358,358_G3_1_Blurr_q1,keep,G3,Exposure 1,BP 2229 (center of the building),no,About 5 minutes,05min,Just right,Comfortable,Imperceptible,No,NA,Slightly,Slightly,Agree,Agree,5,NA,NA,NA
237,23.07.21 17:19,23.07.21 17:28,Complete,358,358_G3_1_Blurr_q2,keep,G3,Exposure 1,BP 2229 (center of the building),no,About 30 minutes,30min,Slightly high,Comfortable,Noticeable,Yes,Acceptable,Not at all,Not at all,Neither agree nor disagree,Agree,NA,"Yes, I would like the following changes:",cover a little bit more the upper part of the window or make the window a bit darkerand take off the white cover on the lower part.,the sun is a little bit harmfull for my eyes and it's too bad that I can't see the landscape behind the white coverage (I can only see the sky and the sun).
240,23.07.21 17:33,23.07.21 17:50,Complete,358,358_G3_2_Clear_q1,keep,G3,Exposure 2,BP 2243 (end of the corridor),yes,About 5 minutes,05min,Slightly high,Comfortable,Noticeable,Yes,Acceptable,Slightly,Slightly,Disagree,Neither agree nor disagree,7,NA,NA,NA
242,23.07.21 18:08,23.07.21 18:16,Complete,358,358_G3_2_Clear_q2,keep,G3,Exposure 2,BP 2243 (end of the corridor),yes,About 30 minutes,30min,Slightly high,Comfortable,Noticeable,Yes,Acceptable,Slightly,Slightly,Neither agree nor disagree,Neither agree nor disagree,NA,"Yes, I would like the following changes:",put the same filter on all the window,too much light
244,26.07.21 15:43,26.07.21 16:57,Complete,359,359_NG_1_Clear_q1,keep,NG,Exposure 1,BP 2243 (end of the corridor),yes,About 5 minutes,05min,High,Comfortable,Disturbing,No,NA,Slightly,Not at all,Agree,Strongly disagree,8,NA,NA,NA
246,26.07.21 17:18,26.07.21 17:27,Complete,359,359_NG_1_Clear_q2,keep,NG,Exposure 1,BP 2243 (end of the corridor),yes,About 30 minutes,30min,Just right,Comfortable,Noticeable,No,NA,Slightly,Not at all,Agree,Disagree,NA,"Yes, I would like the following changes:",a bit darker glass,might eyes are a bit disturbed by the sun light
248,26.07.21 17:40,26.07.21 17:44,Complete,359,359_NG_2_Blurr_q1,keep,NG,Exposure 2,BP 2229 (center of the building),no,About 5 minutes,05min,Just right,Uncomfortable,Disturbing,Yes,Unacceptable,Very much,Not at all,Disagree,Strongly disagree,5,NA,NA,NA
250,26.07.21 17:59,26.07.21 18:06,Complete,359,359_NG_2_Blurr_q2,keep,NG,Exposure 2,BP 2229 (center of the building),no,About 30 minutes,30min,Just right,Uncomfortable,Disturbing,Yes,Just unacceptable,Moderately,Moderately,Strongly disagree,Strongly disagree,NA,"Yes, I would like the following changes:",close the courtains,not have sun directly in my eyes
243,26.07.21 16:49,26.07.21 16:54,Complete,360,360_NG_1_Blurr_q1,keep,NG,Exposure 1,BP 2229 (center of the building),no,About 5 minutes,05min,Slightly high,Comfortable,Disturbing,Yes,Acceptable,Slightly,Not at all,Agree,Agree,2,NA,NA,NA
245,26.07.21 17:16,26.07.21 17:21,Complete,360,360_NG_1_Blurr_q2,keep,NG,Exposure 1,BP 2229 (center of the building),no,About 30 minutes,30min,Slightly low,Comfortable,Imperceptible,No,NA,Not at all,Not at all,Agree,Agree,NA,"Yes, I would like the following changes:","have a better view with bigger windows (remove the ""panneaux"" on the windows))",I prefer to have a view of the horizon better than only a view of the sky
249,26.07.21 17:31,26.07.21 17:44,Complete,360,360_NG_2_Clear_q1,keep,NG,Exposure 2,BP 2243 (end of the corridor),yes,About 5 minutes,05min,Just right,Comfortable,Noticeable,No,NA,Slightly,Not at all,Agree,Agree,8,NA,NA,NA
251,26.07.21 18:03,26.07.21 18:10,Complete,360,360_NG_2_Clear_q2,keep,NG,Exposure 2,BP 2243 (end of the corridor),yes,About 30 minutes,30min,Slightly high,Comfortable,Disturbing,Yes,Acceptable,Slightly,Not at all,Neither agree nor disagree,Agree,NA,"No, even though I am somewhat uncomfortable",NA,NA
253,28.07.21 17:42,28.07.21 17:53,Complete,361,361_G3_1_Clear_q1,keep,G3,Exposure 1,BP 2243 (end of the corridor),yes,About 5 minutes,05min,High,Uncomfortable,Disturbing,Yes,Just acceptable,Moderately,Not at all,Disagree,Agree,9,NA,NA,NA
254,28.07.21 18:17,28.07.21 18:25,Complete,361,361_G3_1_Clear_q2,keep,G3,Exposure 1,BP 2243 (end of the corridor),yes,About 30 minutes,30min,High,Uncomfortable,Noticeable,Yes,Just unacceptable,Moderately,Not at all,Disagree,Agree,NA,"Yes, I would like the following changes:",put some clothes on the window or stores,sun light is to bright for the eyes
256,28.07.21 18:29,28.07.21 18:40,Complete,361,361_G3_2_Blurr_q1,keep,G3,Exposure 2,BP 2229 (center of the building),no,About 5 minutes,05min,High,Uncomfortable,Disturbing,Yes,Just unacceptable,Moderately,Moderately,Disagree,Strongly disagree,0,NA,NA,NA
258,28.07.21 18:57,28.07.21 19:05,Complete,361,361_G3_2_Blurr_q2,keep,G3,Exposure 2,BP 2229 (center of the building),no,About 30 minutes,30min,High,Uncomfortable,Disturbing,Yes,Just unacceptable,Moderately,Moderately,Disagree,Strongly disagree,NA,"Yes, I would like the following changes:","add some stores, open widows",to breathe easily and to have a confortable vision
252,28.07.21 17:38,28.07.21 17:52,Complete,362,362_G3_1_Blurr_q1,keep,G3,Exposure 1,BP 2229 (center of the building),no,About 5 minutes,05min,Just right,Comfortable,Noticeable,No,NA,Slightly,Not at all,Agree,Agree,9,NA,NA,NA
255,28.07.21 18:15,28.07.21 18:26,Complete,362,362_G3_1_Blurr_q2,keep,G3,Exposure 1,BP 2229 (center of the building),no,About 30 minutes,30min,Just right,Uncomfortable,Disturbing,Yes,Just unacceptable,Moderately,Not at all,Agree,Agree,NA,"No, even though I am somewhat uncomfortable",NA,NA
257,28.07.21 18:34,28.07.21 18:46,Complete,362,362_G3_2_Clear_q1,keep,G3,Exposure 2,BP 2243 (end of the corridor),yes,About 5 minutes,05min,Slightly high,Comfortable,Noticeable,Yes,Just acceptable,Slightly,Not at all,Agree,Agree,10,NA,NA,NA
259,28.07.21 19:04,28.07.21 19:15,Complete,362,362_G3_2_Clear_q2,keep,G3,Exposure 2,BP 2243 (end of the corridor),yes,About 30 minutes,30min,Slightly high,Uncomfortable,Intolerable,Yes,Unacceptable,Very much,Not at all,Disagree,Strongly agree,NA,"Yes, I would like the following changes:",The table should be directly against the facade,it is disturbing
260,29.07.21 16:50,29.07.21 16:59,Complete,363,363_G3_1_Blurr_q1,keep,G3,Exposure 1,BP 2229 (center of the building),no,About 5 minutes,05min,Just right,Uncomfortable,Noticeable,No,NA,Slightly,Not at all,Neither agree nor disagree,Neither agree nor disagree,1,NA,NA,NA
262,29.07.21 17:22,29.07.21 17:38,Complete,363,363_G3_1_Blurr_q2,keep,G3,Exposure 1,BP 2229 (center of the building),no,About 30 minutes,30min,Just right,Uncomfortable,Disturbing,Yes,Just acceptable,Moderately,Not at all,Neither agree nor disagree,Neither agree nor disagree,NA,"Yes, I would like the following changes:","darker darkening screen (dark one) and no white diffusing screen (to see outside). Maybe other than light dimmer screen, I would prefer to just have the windows blind and be able to adjust it myself","Currently I cannot see outside, which is a shame with such big windows. But I agree that something has to be there too because of the sun facing directly in the room. It wouldn't be possible for me to face the sun without some darkening object."
264,29.07.21 17:45,29.07.21 18:00,Complete,363,363_G3_2_Clear_q1,keep,G3,Exposure 2,BP 2243 (end of the corridor),yes,About 5 minutes,05min,Just right,Comfortable,Disturbing,Yes,Just acceptable,Moderately,Not at all,Neither agree nor disagree,Disagree,7,NA,NA,NA
267,29.07.21 18:25,29.07.21 18:29,Complete,363,363_G3_2_Clear_q2,keep,G3,Exposure 2,BP 2243 (end of the corridor),yes,About 30 minutes,30min,Just right,Comfortable,Disturbing,Yes,Just unacceptable,Very much,Not at all,Agree,Neither agree nor disagree,NA,"Yes, I would like the following changes:",Darker sun screen,The glare is to strong. Now having the view clear at the bottom is perfect.
261,29.07.21 14:38,29.07.21 16:59,Complete,364,364_G3_1_Clear_q1,keep,G3,Exposure 1,BP 2243 (end of the corridor),yes,About 5 minutes,05min,Slightly high,Comfortable,Imperceptible,No,NA,Not at all,Not at all,Strongly agree,Strongly agree,8,NA,NA,NA
263,29.07.21 17:28,29.07.21 17:37,Complete,364,364_G3_1_Clear_q2,keep,G3,Exposure 1,BP 2243 (end of the corridor),yes,About 30 minutes,30min,High,Comfortable,Imperceptible,No,NA,Not at all,Not at all,Agree,Strongly agree,NA,"Yes, I would like the following changes:",put the desk towards a wall as to not have the window behind the screen,put the desk towards a wall as to not have the window behind the screen
266,29.07.21 17:57,29.07.21 18:00,Complete,364,364_G3_2_Blurr_q1,keep,G3,Exposure 2,BP 2229 (center of the building),no,About 5 minutes,05min,Slightly high,Uncomfortable,Imperceptible,No,NA,Not at all,Not at all,Agree,Strongly agree,6,NA,NA,NA
268,29.07.21 18:26,29.07.21 18:34,Complete,364,364_G3_2_Blurr_q2,keep,G3,Exposure 2,BP 2229 (center of the building),no,About 30 minutes,30min,Slightly high,Uncomfortable,Imperceptible,No,NA,Not at all,Not at all,Disagree,Strongly agree,NA,"Yes, I would like the following changes:",block the sun even more,block the sun even more